Country,year,score,Target
Lithuania,2012,5,Serbia
Lithuania,2012,4,Italy
Lithuania,2012,2,Ukraine
Lithuania,2012,12,Azerbaijan
Lithuania,2012,3,Germany
Lithuania,2012,6,Russia
Lithuania,2012,1,Turkey
Lithuania,2012,10,Sweden
Lithuania,2012,7,Malta
Lithuania,2012,8,Estonia
Turkey,2012,3,Greece
Turkey,2012,4,Romania
Turkey,2012,12,Azerbaijan
Turkey,2012,8,Macedonia
Turkey,2012,7,Russia
Turkey,2012,6,Sweden
Turkey,2012,2,Malta
Turkey,2012,1,Hungary
Turkey,2012,10,BosniaHerzegovina
Turkey,2012,5,Albania
Denmark,2012,3,Italy
Denmark,2012,4,Ireland
Denmark,2012,5,Albania
Denmark,2012,6,Iceland
Denmark,2012,1,Romania
Denmark,2012,8,Russia
Denmark,2012,2,Turkey
Denmark,2012,12,Sweden
Denmark,2012,10,Germany
Denmark,2012,7,Moldova
Albania,2012,1,Serbia
Albania,2012,8,Macedonia
Albania,2012,7,Italy
Albania,2012,4,Azerbaijan
Albania,2012,12,Greece
Albania,2012,3,Russia
Albania,2012,10,Turkey
Albania,2012,5,Sweden
Albania,2012,2,Germany
Albania,2012,6,Cyprus
Sweden,2012,10,Serbia
Sweden,2012,4,Spain
Sweden,2012,5,Ireland
Sweden,2012,1,Albania
Sweden,2012,3,Norway
Sweden,2012,7,Russia
Sweden,2012,6,Turkey
Sweden,2012,2,France
Sweden,2012,12,Cyprus
Sweden,2012,8,Estonia
Slovenia,2012,12,Serbia
Slovenia,2012,5,Italy
Slovenia,2012,3,Albania
Slovenia,2012,4,Iceland
Slovenia,2012,6,Macedonia
Slovenia,2012,8,Russia
Slovenia,2012,10,Sweden
Slovenia,2012,2,Germany
Slovenia,2012,7,BosniaHerzegovina
Slovenia,2012,1,Moldova
Netherlands,2012,10,Serbia
Netherlands,2012,6,Spain
Netherlands,2012,1,Lithuania
Netherlands,2012,5,Ireland
Netherlands,2012,3,Norway
Netherlands,2012,4,Russia
Netherlands,2012,8,Turkey
Netherlands,2012,12,Sweden
Netherlands,2012,2,Germany
Netherlands,2012,7,Estonia
Switzerland,2012,10,Serbia
Switzerland,2012,3,Turkey
Switzerland,2012,8,Spain
Switzerland,2012,12,Albania
Switzerland,2012,6,France
Switzerland,2012,7,Sweden
Switzerland,2012,4,Germany
Switzerland,2012,5,Italy
Switzerland,2012,1,BosniaHerzegovina
Switzerland,2012,2,Moldova
SanMarino,2012,6,Serbia
SanMarino,2012,7,Italy
SanMarino,2012,3,Sweden
SanMarino,2012,12,Albania
SanMarino,2012,10,Russia
SanMarino,2012,5,Turkey
SanMarino,2012,4,Azerbaijan
SanMarino,2012,2,Malta
SanMarino,2012,1,Spain
SanMarino,2012,8,Moldova
Estonia,2012,2,Denmark
Estonia,2012,7,Italy
Estonia,2012,3,Lithuania
Estonia,2012,6,Iceland
Estonia,2012,5,UnitedKingdom
Estonia,2012,8,Russia
Estonia,2012,12,Sweden
Estonia,2012,10,Germany
Estonia,2012,4,Spain
Estonia,2012,1,Ukraine
Slovakia,2012,8,Hungary
Slovakia,2012,7,Serbia
Slovakia,2012,5,Italy
Slovakia,2012,6,Azerbaijan
Slovakia,2012,3,Russia
Slovakia,2012,1,Macedonia
Slovakia,2012,4,Iceland
Slovakia,2012,12,Sweden
Slovakia,2012,2,BosniaHerzegovina
Slovakia,2012,10,Estonia
Finland,2012,2,Serbia
Finland,2012,3,Spain
Finland,2012,5,Denmark
Finland,2012,4,Ireland
Finland,2012,6,Albania
Finland,2012,7,Iceland
Finland,2012,8,Russia
Finland,2012,12,Sweden
Finland,2012,1,Germany
Finland,2012,10,Estonia
Romania,2012,7,Hungary
Romania,2012,5,Serbia
Romania,2012,6,Spain
Romania,2012,1,Albania
Romania,2012,8,Greece
Romania,2012,4,Russia
Romania,2012,3,Turkey
Romania,2012,10,Sweden
Romania,2012,2,Cyprus
Romania,2012,12,Moldova
Ireland,2012,2,Italy
Ireland,2012,12,Sweden
Ireland,2012,1,Azerbaijan
Ireland,2012,4,UnitedKingdom
Ireland,2012,5,Romania
Ireland,2012,6,Russia
Ireland,2012,7,Lithuania
Ireland,2012,10,Germany
Ireland,2012,3,Ukraine
Ireland,2012,8,Estonia
Portugal,2012,5,Serbia
Portugal,2012,12,Spain
Portugal,2012,3,Sweden
Portugal,2012,4,Romania
Portugal,2012,8,Russia
Portugal,2012,7,Estonia
Portugal,2012,10,Germany
Portugal,2012,2,Italy
Portugal,2012,1,Ukraine
Portugal,2012,6,Moldova
Belarus,2012,4,Estonia
Belarus,2012,8,Lithuania
Belarus,2012,1,Ireland
Belarus,2012,7,Azerbaijan
Belarus,2012,6,Sweden
Belarus,2012,2,Macedonia
Belarus,2012,12,Russia
Belarus,2012,10,Ukraine
Belarus,2012,3,Malta
Belarus,2012,5,Moldova
Cyprus,2012,7,Serbia
Cyprus,2012,3,Romania
Cyprus,2012,6,Spain
Cyprus,2012,8,Azerbaijan
Cyprus,2012,1,Iceland
Cyprus,2012,12,Greece
Cyprus,2012,5,Russia
Cyprus,2012,10,Sweden
Cyprus,2012,2,Italy
Cyprus,2012,4,Albania
Moldova,2012,3,Serbia
Moldova,2012,4,Greece
Moldova,2012,5,Italy
Moldova,2012,7,Sweden
Moldova,2012,10,Azerbaijan
Moldova,2012,12,Romania
Moldova,2012,6,Russia
Moldova,2012,8,Ukraine
Moldova,2012,1,Hungary
Moldova,2012,2,Estonia
Serbia,2012,2,Hungary
Serbia,2012,4,Greece
Serbia,2012,3,Azerbaijan
Serbia,2012,12,Macedonia
Serbia,2012,7,Russia
Serbia,2012,10,Sweden
Serbia,2012,6,Malta
Serbia,2012,8,Cyprus
Serbia,2012,5,BosniaHerzegovina
Serbia,2012,1,Albania
Montenegro,2012,12,Serbia
Montenegro,2012,2,Italy
Montenegro,2012,1,Lithuania
Montenegro,2012,10,Albania
Montenegro,2012,8,Macedonia
Montenegro,2012,4,Russia
Montenegro,2012,7,Sweden
Montenegro,2012,3,Moldova
Montenegro,2012,6,BosniaHerzegovina
Montenegro,2012,5,Azerbaijan
Bulgaria,2012,12,Serbia
Bulgaria,2012,1,Greece
Bulgaria,2012,3,Spain
Bulgaria,2012,5,Lithuania
Bulgaria,2012,10,Azerbaijan
Bulgaria,2012,2,Macedonia
Bulgaria,2012,6,Russia
Bulgaria,2012,7,Turkey
Bulgaria,2012,8,Sweden
Bulgaria,2012,4,Albania
Azerbaijan,2012,5,Greece
Azerbaijan,2012,4,Lithuania
Azerbaijan,2012,1,Ireland
Azerbaijan,2012,6,Romania
Azerbaijan,2012,10,Russia
Azerbaijan,2012,12,Turkey
Azerbaijan,2012,7,Sweden
Azerbaijan,2012,8,Malta
Azerbaijan,2012,3,Ukraine
Azerbaijan,2012,2,Cyprus
Norway,2012,10,Serbia
Norway,2012,2,Denmark
Norway,2012,4,Italy
Norway,2012,6,Lithuania
Norway,2012,5,Iceland
Norway,2012,8,Russia
Norway,2012,12,Sweden
Norway,2012,3,Germany
Norway,2012,1,Ukraine
Norway,2012,7,Estonia
UnitedKingdom,2012,8,Spain
UnitedKingdom,2012,12,Sweden
UnitedKingdom,2012,10,Ireland
UnitedKingdom,2012,2,Azerbaijan
UnitedKingdom,2012,3,Russia
UnitedKingdom,2012,5,Malta
UnitedKingdom,2012,1,Turkey
UnitedKingdom,2012,7,Lithuania
UnitedKingdom,2012,6,Germany
UnitedKingdom,2012,4,Estonia
Macedonia,2012,10,Serbia
Macedonia,2012,5,Italy
Macedonia,2012,3,Ukraine
Macedonia,2012,12,Albania
Macedonia,2012,4,Russia
Macedonia,2012,8,Turkey
Macedonia,2012,6,Sweden
Macedonia,2012,1,Malta
Macedonia,2012,7,BosniaHerzegovina
Macedonia,2012,2,Azerbaijan
Iceland,2012,3,Serbia
Iceland,2012,2,Spain
Iceland,2012,5,Denmark
Iceland,2012,4,Ireland
Iceland,2012,1,Norway
Iceland,2012,7,Russia
Iceland,2012,6,France
Iceland,2012,12,Sweden
Iceland,2012,8,Cyprus
Iceland,2012,10,Estonia
Israel,2012,2,Greece
Israel,2012,10,Spain
Israel,2012,3,Cyprus
Israel,2012,8,Azerbaijan
Israel,2012,6,Romania
Israel,2012,7,Russia
Israel,2012,1,Turkey
Israel,2012,12,Sweden
Israel,2012,4,Italy
Israel,2012,5,Moldova
Belgium,2012,5,Serbia
Belgium,2012,2,Greece
Belgium,2012,6,Spain
Belgium,2012,4,Ireland
Belgium,2012,10,Albania
Belgium,2012,1,UnitedKingdom
Belgium,2012,3,Romania
Belgium,2012,8,Russia
Belgium,2012,7,Turkey
Belgium,2012,12,Sweden
Germany,2012,10,Serbia
Germany,2012,2,Italy
Germany,2012,5,Denmark
Germany,2012,6,Albania
Germany,2012,3,Iceland
Germany,2012,1,Greece
Germany,2012,7,Russia
Germany,2012,8,Turkey
Germany,2012,12,Sweden
Germany,2012,4,Estonia
Croatia,2012,12,Serbia
Croatia,2012,2,Italy
Croatia,2012,3,Ireland
Croatia,2012,5,Albania
Croatia,2012,8,Macedonia
Croatia,2012,6,Russia
Croatia,2012,7,Sweden
Croatia,2012,4,Germany
Croatia,2012,10,BosniaHerzegovina
Croatia,2012,1,Moldova
Hungary,2012,4,Serbia
Hungary,2012,5,Italy
Hungary,2012,8,Albania
Hungary,2012,6,Iceland
Hungary,2012,2,Macedonia
Hungary,2012,7,Russia
Hungary,2012,3,Turkey
Hungary,2012,12,Sweden
Hungary,2012,10,Germany
Hungary,2012,1,Spain
Georgia,2012,4,Italy
Georgia,2012,6,Ukraine
Georgia,2012,10,Azerbaijan
Georgia,2012,8,Sweden
Georgia,2012,1,Greece
Georgia,2012,5,Russia
Georgia,2012,7,Turkey
Georgia,2012,12,Lithuania
Georgia,2012,2,Germany
Georgia,2012,3,Albania
Italy,2012,6,Serbia
Italy,2012,1,Macedonia
Italy,2012,2,Denmark
Italy,2012,12,Albania
Italy,2012,7,Romania
Italy,2012,10,Russia
Italy,2012,3,Ukraine
Italy,2012,8,Germany
Italy,2012,5,Cyprus
Italy,2012,4,Moldova
Spain,2012,1,Italy
Spain,2012,2,Ukraine
Spain,2012,4,Iceland
Spain,2012,10,Romania
Spain,2012,8,Russia
Spain,2012,12,Sweden
Spain,2012,3,Germany
Spain,2012,5,Cyprus
Spain,2012,7,Moldova
Spain,2012,6,Estonia
Latvia,2012,4,Lithuania
Latvia,2012,6,Ukraine
Latvia,2012,5,Ireland
Latvia,2012,1,Albania
Latvia,2012,2,UnitedKingdom
Latvia,2012,10,Russia
Latvia,2012,3,France
Latvia,2012,12,Sweden
Latvia,2012,7,Germany
Latvia,2012,8,Estonia
Greece,2012,8,Serbia
Greece,2012,3,Italy
Greece,2012,1,Ukraine
Greece,2012,10,Albania
Greece,2012,7,Romania
Greece,2012,4,Russia
Greece,2012,6,Sweden
Greece,2012,12,Cyprus
Greece,2012,2,Moldova
Greece,2012,5,Azerbaijan
Russia,2012,4,Serbia
Russia,2012,5,Lithuania
Russia,2012,1,Romania
Russia,2012,12,Sweden
Russia,2012,10,Azerbaijan
Russia,2012,3,Greece
Russia,2012,8,Ukraine
Russia,2012,2,Cyprus
Russia,2012,7,Moldova
Russia,2012,6,Estonia
France,2012,8,Serbia
France,2012,6,Spain
France,2012,3,Lithuania
France,2012,2,Romania
France,2012,4,Russia
France,2012,5,Turkey
France,2012,12,Sweden
France,2012,7,Germany
France,2012,1,Italy
France,2012,10,Estonia
Austria,2012,10,Serbia
Austria,2012,6,Spain
Austria,2012,8,Albania
Austria,2012,5,Russia
Austria,2012,3,Turkey
Austria,2012,12,Sweden
Austria,2012,4,Germany
Austria,2012,2,France
Austria,2012,7,BosniaHerzegovina
Austria,2012,1,Moldova
Malta,2012,5,Serbia
Malta,2012,4,Lithuania
Malta,2012,10,Italy
Malta,2012,6,Sweden
Malta,2012,12,Azerbaijan
Malta,2012,3,Russia
Malta,2012,8,Turkey
Malta,2012,7,Ukraine
Malta,2012,2,Germany
Malta,2012,1,Albania
Ukraine,2012,2,Serbia
Ukraine,2012,3,Macedonia
Ukraine,2012,4,Italy
Ukraine,2012,12,Azerbaijan
Ukraine,2012,5,Greece
Ukraine,2012,10,Russia
Ukraine,2012,6,Sweden
Ukraine,2012,7,Malta
Ukraine,2012,1,Estonia
Ukraine,2012,8,Moldova
BosniaHerzegovina,2012,10,Serbia
BosniaHerzegovina,2012,1,Greece
BosniaHerzegovina,2012,5,Spain
BosniaHerzegovina,2012,7,Azerbaijan
BosniaHerzegovina,2012,12,Macedonia
BosniaHerzegovina,2012,3,Russia
BosniaHerzegovina,2012,4,Turkey
BosniaHerzegovina,2012,8,Sweden
BosniaHerzegovina,2012,2,France
BosniaHerzegovina,2012,6,Albania
Lithuania,2013,5,Hungary
Lithuania,2013,8,Georgia
Lithuania,2013,1,Belarus
Lithuania,2013,12,Azerbaijan
Lithuania,2013,6,Norway
Lithuania,2013,7,Russia
Lithuania,2013,2,Denmark
Lithuania,2013,4,Netherlands
Lithuania,2013,10,Ukraine
Lithuania,2013,3,Estonia
Belgium,2013,6,Italy
Belgium,2013,8,Ukraine
Belgium,2013,5,Azerbaijan
Belgium,2013,7,Norway
Belgium,2013,1,UnitedKingdom
Belgium,2013,2,Greece
Belgium,2013,4,Russia
Belgium,2013,10,Denmark
Belgium,2013,12,Netherlands
Belgium,2013,3,Moldova
Bulgaria,2013,6,Hungary
Bulgaria,2013,4,Sweden
Bulgaria,2013,8,Armenia
Bulgaria,2013,12,Azerbaijan
Bulgaria,2013,1,Norway
Bulgaria,2013,7,Greece
Bulgaria,2013,5,Russia
Bulgaria,2013,2,Denmark
Bulgaria,2013,10,Ukraine
Bulgaria,2013,3,Moldova
Albania,2013,8,Hungary
Albania,2013,5,Romania
Albania,2013,12,Italy
Albania,2013,7,Azerbaijan
Albania,2013,2,Norway
Albania,2013,10,Greece
Albania,2013,4,Netherlands
Albania,2013,1,Denmark
Albania,2013,3,Germany
Albania,2013,6,Spain
Sweden,2013,3,Hungary
Sweden,2013,7,Belgium
Sweden,2013,2,Ireland
Sweden,2013,1,UnitedKingdom
Sweden,2013,12,Norway
Sweden,2013,5,Russia
Sweden,2013,4,Romania
Sweden,2013,6,Iceland
Sweden,2013,10,Denmark
Sweden,2013,8,Netherlands
Slovenia,2013,8,Italy
Slovenia,2013,2,Belgium
Slovenia,2013,3,Azerbaijan
Slovenia,2013,5,Norway
Slovenia,2013,10,Russia
Slovenia,2013,1,UnitedKingdom
Slovenia,2013,4,Iceland
Slovenia,2013,12,Denmark
Slovenia,2013,7,Netherlands
Slovenia,2013,6,Sweden
Netherlands,2013,7,Hungary
Netherlands,2013,12,Belgium
Netherlands,2013,2,Azerbaijan
Netherlands,2013,6,Norway
Netherlands,2013,3,Sweden
Netherlands,2013,1,Greece
Netherlands,2013,8,Russia
Netherlands,2013,10,Denmark
Netherlands,2013,8,Malta
Netherlands,2013,5,Ukraine
SanMarino,2013,6,Hungary
SanMarino,2013,4,Italy
SanMarino,2013,1,Armenia
SanMarino,2013,2,Azerbaijan
SanMarino,2013,7,Norway
SanMarino,2013,3,Finland
SanMarino,2013,12,Greece
SanMarino,2013,8,France
SanMarino,2013,5,Belgium
SanMarino,2013,10,Malta
Estonia,2013,4,Hungary
Estonia,2013,7,Netherlands
Estonia,2013,3,Italy
Estonia,2013,2,Belgium
Estonia,2013,1,Sweden
Estonia,2013,12,Russia
Estonia,2013,6,Iceland
Estonia,2013,8,Denmark
Estonia,2013,5,Malta
Estonia,2013,10,Ukraine
Spain,2013,12,Italy
Spain,2013,10,Ukraine
Spain,2013,7,Azerbaijan
Spain,2013,5,Norway
Spain,2013,6,Russia
Spain,2013,4,UnitedKingdom
Spain,2013,3,Germany
Spain,2013,8,Denmark
Spain,2013,1,Malta
Spain,2013,2,Moldova
Finland,2013,10,Hungary
Finland,2013,3,Belgium
Finland,2013,4,Sweden
Finland,2013,12,Norway
Finland,2013,2,Russia
Finland,2013,1,Greece
Finland,2013,5,Iceland
Finland,2013,7,Denmark
Finland,2013,8,Netherlands
Finland,2013,6,Estonia
Romania,2013,1,Italy
Romania,2013,4,Ukraine
Romania,2013,10,Azerbaijan
Romania,2013,8,Norway
Romania,2013,3,UnitedKingdom
Romania,2013,7,Greece
Romania,2013,2,Netherlands
Romania,2013,6,Denmark
Romania,2013,5,Malta
Romania,2013,12,Moldova
Ireland,2013,8,Ukraine
Ireland,2013,1,Lithuania
Ireland,2013,2,Azerbaijan
Ireland,2013,5,Sweden
Ireland,2013,7,UnitedKingdom
Ireland,2013,10,Russia
Ireland,2013,12,Denmark
Ireland,2013,6,Netherlands
Ireland,2013,4,Belgium
Ireland,2013,3,Moldova
Belarus,2013,1,Denmark
Belarus,2013,2,Armenia
Belarus,2013,10,Azerbaijan
Belarus,2013,3,Norway
Belarus,2013,6,Greece
Belarus,2013,8,Russia
Belarus,2013,5,Lithuania
Belarus,2013,7,Malta
Belarus,2013,12,Ukraine
Belarus,2013,4,Moldova
Cyprus,2013,6,Italy
Cyprus,2013,10,Ukraine
Cyprus,2013,2,Ireland
Cyprus,2013,8,Azerbaijan
Cyprus,2013,4,Norway
Cyprus,2013,12,Greece
Cyprus,2013,5,Russia
Cyprus,2013,1,France
Cyprus,2013,7,Denmark
Cyprus,2013,3,Malta
Moldova,2013,3,Georgia
Moldova,2013,4,Belarus
Moldova,2013,1,Armenia
Moldova,2013,8,Azerbaijan
Moldova,2013,2,Norway
Moldova,2013,5,Sweden
Moldova,2013,10,Romania
Moldova,2013,7,Russia
Moldova,2013,6,Denmark
Moldova,2013,12,Ukraine
Serbia,2013,2,Hungary
Serbia,2013,4,Italy
Serbia,2013,3,Belgium
Serbia,2013,5,Azerbaijan
Serbia,2013,7,Norway
Serbia,2013,1,Sweden
Serbia,2013,8,Russia
Serbia,2013,12,Denmark
Serbia,2013,10,Ukraine
Serbia,2013,6,Moldova
Montenegro,2013,2,Georgia
Montenegro,2013,6,Italy
Montenegro,2013,3,Belarus
Montenegro,2013,1,Romania
Montenegro,2013,12,Azerbaijan
Montenegro,2013,4,Norway
Montenegro,2013,8,Greece
Montenegro,2013,7,Russia
Montenegro,2013,10,Denmark
Montenegro,2013,5,Moldova
Armenia,2013,10,Georgia
Armenia,2013,1,Italy
Armenia,2013,5,Belarus
Armenia,2013,3,Norway
Armenia,2013,8,Greece
Armenia,2013,7,Russia
Armenia,2013,2,France
Armenia,2013,4,Denmark
Armenia,2013,6,Malta
Armenia,2013,12,Ukraine
Azerbaijan,2013,3,Lithuania
Azerbaijan,2013,6,Romania
Azerbaijan,2013,7,Belarus
Azerbaijan,2013,2,Norway
Azerbaijan,2013,10,Georgia
Azerbaijan,2013,4,Greece
Azerbaijan,2013,5,Denmark
Azerbaijan,2013,8,Malta
Azerbaijan,2013,12,Ukraine
Azerbaijan,2013,1,Moldova
Norway,2013,2,Hungary
Norway,2013,6,Romania
Norway,2013,3,Belgium
Norway,2013,12,Sweden
Norway,2013,5,Greece
Norway,2013,4,Iceland
Norway,2013,8,Netherlands
Norway,2013,7,Denmark
Norway,2013,10,Malta
Norway,2013,1,Ukraine
UnitedKingdom,2013,4,Romania
UnitedKingdom,2013,3,Belgium
UnitedKingdom,2013,1,Ireland
UnitedKingdom,2013,10,Russia
UnitedKingdom,2013,8,Greece
UnitedKingdom,2013,2,Iceland
UnitedKingdom,2013,6,Netherlands
UnitedKingdom,2013,12,Denmark
UnitedKingdom,2013,7,Malta
UnitedKingdom,2013,5,Ukraine
Macedonia,2013,2,Netherlands
Macedonia,2013,10,Italy
Macedonia,2013,5,Belarus
Macedonia,2013,8,Norway
Macedonia,2013,4,Greece
Macedonia,2013,6,Russia
Macedonia,2013,1,France
Macedonia,2013,12,Denmark
Macedonia,2013,3,Malta
Macedonia,2013,7,Moldova
Iceland,2013,8,Netherlands
Iceland,2013,4,Sweden
Iceland,2013,7,Azerbaijan
Iceland,2013,10,Norway
Iceland,2013,6,Romania
Iceland,2013,1,Russia
Iceland,2013,2,France
Iceland,2013,12,Denmark
Iceland,2013,5,Malta
Iceland,2013,3,Ukraine
Israel,2013,3,Belarus
Israel,2013,12,Azerbaijan
Israel,2013,6,Norway
Israel,2013,4,Finland
Israel,2013,2,Greece
Israel,2013,7,Russia
Israel,2013,8,Denmark
Israel,2013,5,Germany
Israel,2013,10,Ukraine
Israel,2013,1,Moldova
Denmark,2013,10,Netherlands
Denmark,2013,7,Russia
Denmark,2013,8,Sweden
Denmark,2013,12,Norway
Denmark,2013,2,Finland
Denmark,2013,6,Greece
Denmark,2013,1,Iceland
Denmark,2013,5,Belgium
Denmark,2013,4,Malta
Denmark,2013,3,Ukraine
Germany,2013,12,Hungary
Germany,2013,2,Russia
Germany,2013,4,Azerbaijan
Germany,2013,7,Norway
Germany,2013,1,Finland
Germany,2013,6,Greece
Germany,2013,8,Iceland
Germany,2013,10,Denmark
Germany,2013,5,Malta
Germany,2013,3,Sweden
Croatia,2013,4,Hungary
Croatia,2013,8,Italy
Croatia,2013,1,Sweden
Croatia,2013,7,Azerbaijan
Croatia,2013,3,Norway
Croatia,2013,5,Greece
Croatia,2013,6,Russia
Croatia,2013,10,Denmark
Croatia,2013,2,Netherlands
Croatia,2013,12,Ukraine
Hungary,2013,5,Netherlands
Hungary,2013,4,Belgium
Hungary,2013,3,Armenia
Hungary,2013,12,Azerbaijan
Hungary,2013,2,Norway
Hungary,2013,1,Greece
Hungary,2013,6,Iceland
Hungary,2013,10,Denmark
Hungary,2013,8,Malta
Hungary,2013,7,Ukraine
Georgia,2013,1,Lithuania
Georgia,2013,2,Italy
Georgia,2013,5,Belarus
Georgia,2013,10,Armenia
Georgia,2013,12,Azerbaijan
Georgia,2013,4,Norway
Georgia,2013,6,Russia
Georgia,2013,7,Denmark
Georgia,2013,3,Malta
Georgia,2013,8,Ukraine
Italy,2013,3,Hungary
Italy,2013,1,Romania
Italy,2013,2,Spain
Italy,2013,6,Lithuania
Italy,2013,8,Norway
Italy,2013,7,Greece
Italy,2013,12,Denmark
Italy,2013,10,Malta
Italy,2013,5,Ukraine
Italy,2013,4,Moldova
Switzerland,2013,10,Hungary
Switzerland,2013,4,Netherlands
Switzerland,2013,12,Italy
Switzerland,2013,6,Azerbaijan
Switzerland,2013,7,Norway
Switzerland,2013,2,UnitedKingdom
Switzerland,2013,8,Greece
Switzerland,2013,5,Iceland
Switzerland,2013,3,Denmark
Switzerland,2013,1,Germany
Greece,2013,2,Hungary
Greece,2013,5,Georgia
Greece,2013,6,Italy
Greece,2013,1,Belarus
Greece,2013,12,Azerbaijan
Greece,2013,4,Norway
Greece,2013,10,Romania
Greece,2013,7,Denmark
Greece,2013,3,Malta
Greece,2013,8,Ukraine
Russia,2013,5,Georgia
Russia,2013,8,Belgium
Russia,2013,2,Armenia
Russia,2013,12,Azerbaijan
Russia,2013,7,Norway
Russia,2013,10,Greece
Russia,2013,4,Denmark
Russia,2013,3,Netherlands
Russia,2013,1,Ukraine
Russia,2013,6,Moldova
France,2013,10,Italy
France,2013,5,Belgium
France,2013,7,Armenia
France,2013,8,Azerbaijan
France,2013,3,Finland
France,2013,1,Romania
France,2013,6,Russia
France,2013,12,Denmark
France,2013,2,Malta
France,2013,4,Moldova
Austria,2013,4,Romania
Austria,2013,10,Italy
Austria,2013,3,Belgium
Austria,2013,12,Azerbaijan
Austria,2013,7,Greece
Austria,2013,8,Netherlands
Austria,2013,5,Denmark
Austria,2013,6,Germany
Austria,2013,1,Ukraine
Austria,2013,2,Moldova
Malta,2013,7,Romania
Malta,2013,8,Italy
Malta,2013,2,Belarus
Malta,2013,1,Armenia
Malta,2013,12,Azerbaijan
Malta,2013,3,Norway
Malta,2013,4,Greece
Malta,2013,5,UnitedKingdom
Malta,2013,6,Denmark
Malta,2013,10,Ukraine
Ukraine,2013,7,Georgia
Ukraine,2013,12,Belarus
Ukraine,2013,6,Armenia
Ukraine,2013,10,Azerbaijan
Ukraine,2013,3,Norway
Ukraine,2013,4,Russia
Ukraine,2013,1,Lithuania
Ukraine,2013,5,Denmark
Ukraine,2013,2,Malta
Ukraine,2013,8,Moldova
Latvia,2013,2,Belgium
Latvia,2013,3,Azerbaijan
Latvia,2013,8,Norway
Latvia,2013,4,Sweden
Latvia,2013,1,Greece
Latvia,2013,12,Russia
Latvia,2013,6,Denmark
Latvia,2013,5,Malta
Latvia,2013,7,Ukraine
Latvia,2013,10,Estonia
Lithuania,2014,1,Denmark
Lithuania,2014,4,Spain
Lithuania,2014,5,Ukraine
Lithuania,2014,2,Switzerland
Lithuania,2014,8,Norway
Lithuania,2014,7,Sweden
Lithuania,2014,6,Russia
Lithuania,2014,10,Austria
Lithuania,2014,12,Netherlands
Lithuania,2014,3,Belarus
Belgium,2014,7,Hungary
Belgium,2014,2,Spain
Belgium,2014,4,Ukraine
Belgium,2014,1,UnitedKingdom
Belgium,2014,10,Sweden
Belgium,2014,3,Finland
Belgium,2014,5,Romania
Belgium,2014,6,Denmark
Belgium,2014,12,Austria
Belgium,2014,8,Netherlands
Albania,2014,8,Hungary
Albania,2014,1,Malta
Albania,2014,6,Montenegro
Albania,2014,7,Sweden
Albania,2014,3,SanMarino
Albania,2014,2,Greece
Albania,2014,12,Spain
Albania,2014,5,Austria
Albania,2014,4,Germany
Albania,2014,10,Italy
Sweden,2014,7,Hungary
Sweden,2014,8,Denmark
Sweden,2014,2,Poland
Sweden,2014,5,Armenia
Sweden,2014,3,Norway
Sweden,2014,6,Finland
Sweden,2014,4,Iceland
Sweden,2014,1,France
Sweden,2014,12,Austria
Sweden,2014,10,Netherlands
Slovenia,2014,3,Hungary
Slovenia,2014,6,Denmark
Slovenia,2014,7,Montenegro
Slovenia,2014,1,Poland
Slovenia,2014,5,Norway
Slovenia,2014,8,Sweden
Slovenia,2014,10,Netherlands
Slovenia,2014,12,Austria
Slovenia,2014,2,Germany
Slovenia,2014,4,Spain
Netherlands,2014,4,Hungary
Netherlands,2014,1,Denmark
Netherlands,2014,8,Sweden
Netherlands,2014,7,Armenia
Netherlands,2014,10,Norway
Netherlands,2014,2,Finland
Netherlands,2014,4,Iceland
Netherlands,2014,12,Austria
Netherlands,2014,5,Malta
Netherlands,2014,3,Switzerland
SanMarino,2014,7,Hungary
SanMarino,2014,2,Netherlands
SanMarino,2014,1,Denmark
SanMarino,2014,6,Armenia
SanMarino,2014,12,Azerbaijan
SanMarino,2014,3,Finland
SanMarino,2014,5,UnitedKingdom
SanMarino,2014,8,Iceland
SanMarino,2014,10,Sweden
SanMarino,2014,4,Malta
Estonia,2014,7,Hungary
Estonia,2014,2,Spain
Estonia,2014,8,Ukraine
Estonia,2014,5,Armenia
Estonia,2014,3,Norway
Estonia,2014,10,Sweden
Estonia,2014,1,Russia
Estonia,2014,6,Finland
Estonia,2014,4,Austria
Estonia,2014,12,Netherlands
Spain,2014,2,Hungary
Spain,2014,3,Denmark
Spain,2014,12,Austria
Spain,2014,4,Armenia
Spain,2014,5,UnitedKingdom
Spain,2014,10,Sweden
Spain,2014,8,Romania
Spain,2014,1,Iceland
Spain,2014,6,Ukraine
Spain,2014,7,Netherlands
Finland,2014,5,Hungary
Finland,2014,6,Denmark
Finland,2014,2,Ukraine
Finland,2014,4,Armenia
Finland,2014,7,Norway
Finland,2014,10,Sweden
Finland,2014,8,Netherlands
Finland,2014,1,France
Finland,2014,12,Austria
Finland,2014,3,Malta
Romania,2014,10,Hungary
Romania,2014,3,Netherlands
Romania,2014,5,Spain
Romania,2014,12,Sweden
Romania,2014,7,Armenia
Romania,2014,1,Norway
Romania,2014,6,Switzerland
Romania,2014,8,Austria
Romania,2014,2,Germany
Romania,2014,4,Denmark
Ireland,2014,1,Hungary
Ireland,2014,6,Spain
Ireland,2014,4,Sweden
Ireland,2014,5,Switzerland
Ireland,2014,7,Norway
Ireland,2014,8,UnitedKingdom
Ireland,2014,2,Romania
Ireland,2014,10,Netherlands
Ireland,2014,12,Austria
Ireland,2014,3,Malta
Belarus,2014,5,Hungary
Belarus,2014,6,Greece
Belarus,2014,7,Poland
Belarus,2014,10,Armenia
Belarus,2014,3,Azerbaijan
Belarus,2014,4,Norway
Belarus,2014,1,Romania
Belarus,2014,12,Russia
Belarus,2014,8,Ukraine
Belarus,2014,2,Netherlands
Moldova,2014,4,Hungary
Moldova,2014,8,Russia
Moldova,2014,5,Belarus
Moldova,2014,3,Armenia
Moldova,2014,6,Sweden
Moldova,2014,12,Romania
Moldova,2014,7,Austria
Moldova,2014,10,Ukraine
Moldova,2014,1,SanMarino
Moldova,2014,2,Poland
Montenegro,2014,12,Hungary
Montenegro,2014,8,Slovenia
Montenegro,2014,6,Italy
Montenegro,2014,7,Ukraine
Montenegro,2014,10,Armenia
Montenegro,2014,3,Sweden
Montenegro,2014,5,Switzerland
Montenegro,2014,2,Austria
Montenegro,2014,1,Belarus
Montenegro,2014,4,Poland
Armenia,2014,4,Netherlands
Armenia,2014,12,Montenegro
Armenia,2014,1,Denmark
Armenia,2014,5,Switzerland
Armenia,2014,3,SanMarino
Armenia,2014,7,Greece
Armenia,2014,10,Russia
Armenia,2014,8,Belarus
Armenia,2014,6,Germany
Armenia,2014,2,Spain
Azerbaijan,2014,8,Hungary
Azerbaijan,2014,4,Greece
Azerbaijan,2014,3,SanMarino
Azerbaijan,2014,7,Belarus
Azerbaijan,2014,12,Russia
Azerbaijan,2014,6,Romania
Azerbaijan,2014,1,Austria
Azerbaijan,2014,10,Ukraine
Azerbaijan,2014,5,Malta
Azerbaijan,2014,2,Poland
Norway,2014,1,Denmark
Norway,2014,5,Spain
Norway,2014,2,Poland
Norway,2014,3,UnitedKingdom
Norway,2014,8,Sweden
Norway,2014,4,Romania
Norway,2014,6,Iceland
Norway,2014,7,Finland
Norway,2014,10,Austria
Norway,2014,12,Netherlands
UnitedKingdom,2014,3,Denmark
UnitedKingdom,2014,8,Netherlands
UnitedKingdom,2014,5,Spain
UnitedKingdom,2014,7,Sweden
UnitedKingdom,2014,1,Switzerland
UnitedKingdom,2014,6,Finland
UnitedKingdom,2014,2,Greece
UnitedKingdom,2014,4,Iceland
UnitedKingdom,2014,12,Austria
UnitedKingdom,2014,10,Malta
Macedonia,2014,10,Hungary
Macedonia,2014,1,Slovenia
Macedonia,2014,12,Montenegro
Macedonia,2014,5,Poland
Macedonia,2014,8,Armenia
Macedonia,2014,4,Romania
Macedonia,2014,6,Russia
Macedonia,2014,3,Austria
Macedonia,2014,7,Netherlands
Macedonia,2014,2,Italy
Iceland,2014,6,Hungary
Iceland,2014,3,Poland
Iceland,2014,2,Armenia
Iceland,2014,1,Norway
Iceland,2014,7,Sweden
Iceland,2014,4,UnitedKingdom
Iceland,2014,8,Denmark
Iceland,2014,5,Finland
Iceland,2014,10,Austria
Iceland,2014,12,Netherlands
Israel,2014,7,Hungary
Israel,2014,2,Greece
Israel,2014,3,Russia
Israel,2014,1,Belarus
Israel,2014,6,Armenia
Israel,2014,10,Sweden
Israel,2014,8,Romania
Israel,2014,12,Austria
Israel,2014,5,Ukraine
Israel,2014,4,Spain
Denmark,2014,3,Hungary
Denmark,2014,1,Ukraine
Denmark,2014,2,Armenia
Denmark,2014,6,Norway
Denmark,2014,12,Sweden
Denmark,2014,7,UnitedKingdom
Denmark,2014,5,Iceland
Denmark,2014,4,Finland
Denmark,2014,8,Austria
Denmark,2014,10,Netherlands
Germany,2014,8,Denmark
Germany,2014,1,Spain
Germany,2014,10,Poland
Germany,2014,6,Armenia
Germany,2014,5,Norway
Germany,2014,4,Finland
Germany,2014,2,Iceland
Germany,2014,7,Austria
Germany,2014,12,Netherlands
Germany,2014,3,Switzerland
Hungary,2014,1,Switzerland
Hungary,2014,10,Austria
Hungary,2014,7,Armenia
Hungary,2014,8,Sweden
Hungary,2014,5,Iceland
Hungary,2014,6,Finland
Hungary,2014,2,Ukraine
Hungary,2014,12,Netherlands
Hungary,2014,4,SanMarino
Hungary,2014,3,Poland
Georgia,2014,6,Ukraine
Georgia,2014,12,Armenia
Georgia,2014,7,Azerbaijan
Georgia,2014,2,Sweden
Georgia,2014,4,Greece
Georgia,2014,8,Russia
Georgia,2014,10,Austria
Georgia,2014,4,Germany
Georgia,2014,3,UnitedKingdom
Georgia,2014,1,Switzerland
Italy,2014,3,Greece
Italy,2014,1,Malta
Italy,2014,8,Poland
Italy,2014,2,Switzerland
Italy,2014,6,Finland
Italy,2014,5,Romania
Italy,2014,7,Iceland
Italy,2014,4,Netherlands
Italy,2014,10,Ukraine
Italy,2014,12,Austria
Poland,2014,6,Denmark
Poland,2014,12,Netherlands
Poland,2014,2,Spain
Poland,2014,4,Sweden
Poland,2014,1,Armenia
Poland,2014,7,Norway
Poland,2014,3,Finland
Poland,2014,10,Switzerland
Poland,2014,5,Ukraine
Poland,2014,8,Germany
Switzerland,2014,1,Hungary
Switzerland,2014,3,Denmark
Switzerland,2014,2,Italy
Switzerland,2014,6,Sweden
Switzerland,2014,5,Norway
Switzerland,2014,4,Finland
Switzerland,2014,10,Netherlands
Switzerland,2014,12,Austria
Switzerland,2014,7,Germany
Switzerland,2014,8,Spain
Greece,2014,6,Hungary
Greece,2014,4,Switzerland
Greece,2014,5,Ukraine
Greece,2014,7,Armenia
Greece,2014,3,Norway
Greece,2014,2,Sweden
Greece,2014,10,Russia
Greece,2014,12,Austria
Greece,2014,8,Netherlands
Greece,2014,1,Poland
Russia,2014,6,Hungary
Russia,2014,3,Netherlands
Russia,2014,12,Belarus
Russia,2014,8,Armenia
Russia,2014,10,Azerbaijan
Russia,2014,2,Sweden
Russia,2014,4,Greece
Russia,2014,1,Iceland
Russia,2014,7,Ukraine
Russia,2014,5,Austria
France,2014,3,Denmark
France,2014,1,Italy
France,2014,5,Poland
France,2014,12,Armenia
France,2014,2,Norway
France,2014,4,Sweden
France,2014,7,Iceland
France,2014,10,Austria
France,2014,8,Netherlands
France,2014,6,Spain
Austria,2014,7,Hungary
Austria,2014,6,Sweden
Austria,2014,12,Armenia
Austria,2014,1,Norway
Austria,2014,4,Finland
Austria,2014,8,Romania
Austria,2014,2,Iceland
Austria,2014,5,Ukraine
Austria,2014,10,Netherlands
Austria,2014,3,Switzerland
Malta,2014,1,Greece
Malta,2014,12,Italy
Malta,2014,7,Sweden
Malta,2014,6,Armenia
Malta,2014,2,Norway
Malta,2014,4,UnitedKingdom
Malta,2014,8,Romania
Malta,2014,5,Russia
Malta,2014,10,Austria
Malta,2014,3,Switzerland
Ukraine,2014,3,Hungary
Ukraine,2014,2,Spain
Ukraine,2014,6,Belarus
Ukraine,2014,10,Armenia
Ukraine,2014,1,Azerbaijan
Ukraine,2014,12,Sweden
Ukraine,2014,4,Russia
Ukraine,2014,8,Austria
Ukraine,2014,5,Germany
Ukraine,2014,7,Poland
Latvia,2014,1,Hungary
Latvia,2014,4,Spain
Latvia,2014,7,Ukraine
Latvia,2014,10,Armenia
Latvia,2014,5,Norway
Latvia,2014,8,Sweden
Latvia,2014,2,Russia
Latvia,2014,3,Finland
Latvia,2014,6,Austria
Latvia,2014,12,Netherlands
Lithuania,2015,6,Georgia
Lithuania,2015,1,Italy
Lithuania,2015,7,Belgium
Lithuania,2015,5,Norway
Lithuania,2015,3,Australia
Lithuania,2015,4,Slovenia
Lithuania,2015,10,Sweden
Lithuania,2015,2,Azerbaijan
Lithuania,2015,12,Latvia
Lithuania,2015,8,Estonia
Belgium,2015,1,Georgia
Belgium,2015,8,Italy
Belgium,2015,3,Armenia
Belgium,2015,6,Albania
Belgium,2015,4,Australia
Belgium,2015,5,Romania
Belgium,2015,10,Russia
Belgium,2015,12,Sweden
Belgium,2015,7,Latvia
Belgium,2015,2,Estonia
Albania,2015,2,Serbia
Albania,2015,12,Italy
Albania,2015,7,Sweden
Albania,2015,3,Australia
Albania,2015,10,Greece
Albania,2015,8,Russia
Albania,2015,5,Israel
Albania,2015,1,Belgium
Albania,2015,6,Montenegro
Albania,2015,4,Estonia
Sweden,2015,1,Slovenia
Sweden,2015,8,Italy
Sweden,2015,7,Norway
Sweden,2015,12,Australia
Sweden,2015,6,Russia
Sweden,2015,4,Israel
Sweden,2015,10,Belgium
Sweden,2015,2,Montenegro
Sweden,2015,5,Latvia
Sweden,2015,3,Estonia
Australia,2015,5,Serbia
Australia,2015,1,Georgia
Australia,2015,8,Italy
Australia,2015,12,Sweden
Australia,2015,4,Norway
Australia,2015,10,Russia
Australia,2015,2,Israel
Australia,2015,6,Belgium
Australia,2015,7,Latvia
Australia,2015,3,Estonia
Slovenia,2015,6,Serbia
Slovenia,2015,8,Italy
Slovenia,2015,12,Sweden
Slovenia,2015,4,Norway
Slovenia,2015,2,Australia
Slovenia,2015,5,Russia
Slovenia,2015,10,Montenegro
Slovenia,2015,3,Belgium
Slovenia,2015,1,Cyprus
Slovenia,2015,7,Latvia
Netherlands,2015,1,Serbia
Netherlands,2015,7,Italy
Netherlands,2015,10,Sweden
Netherlands,2015,3,Norway
Netherlands,2015,8,Australia
Netherlands,2015,6,Russia
Netherlands,2015,5,Israel
Netherlands,2015,12,Belgium
Netherlands,2015,2,Latvia
Netherlands,2015,4,Estonia
SanMarino,2015,4,Hungary
SanMarino,2015,10,Italy
SanMarino,2015,7,Sweden
SanMarino,2015,6,Norway
SanMarino,2015,8,Australia
SanMarino,2015,3,UnitedKingdom
SanMarino,2015,1,France
SanMarino,2015,5,Belgium
SanMarino,2015,2,Israel
SanMarino,2015,12,Latvia
Estonia,2015,8,Hungary
Estonia,2015,1,Georgia
Estonia,2015,3,Italy
Estonia,2015,2,Lithuania
Estonia,2015,10,Sweden
Estonia,2015,4,Norway
Estonia,2015,5,Australia
Estonia,2015,12,Russia
Estonia,2015,7,Belgium
Estonia,2015,6,Latvia
Spain,2015,12,Italy
Spain,2015,8,Sweden
Spain,2015,2,Norway
Spain,2015,7,Australia
Spain,2015,5,Romania
Spain,2015,10,Russia
Spain,2015,1,Israel
Spain,2015,6,Belgium
Spain,2015,4,Latvia
Spain,2015,3,Estonia
Finland,2015,1,Slovenia
Finland,2015,2,Italy
Finland,2015,12,Sweden
Finland,2015,4,Norway
Finland,2015,5,Australia
Finland,2015,8,Russia
Finland,2015,3,Israel
Finland,2015,7,Belgium
Finland,2015,6,Latvia
Finland,2015,10,Estonia
Romania,2015,4,Hungary
Romania,2015,12,Italy
Romania,2015,7,Belgium
Romania,2015,8,Sweden
Romania,2015,6,Norway
Romania,2015,2,Australia
Romania,2015,10,Russia
Romania,2015,1,Israel
Romania,2015,3,Azerbaijan
Romania,2015,5,Latvia
Ireland,2015,6,Italy
Ireland,2015,2,Belgium
Ireland,2015,10,Sweden
Ireland,2015,4,Norway
Ireland,2015,5,Australia
Ireland,2015,1,UnitedKingdom
Ireland,2015,8,Russia
Ireland,2015,7,Lithuania
Ireland,2015,12,Latvia
Ireland,2015,3,Poland
Portugal,2015,12,Italy
Portugal,2015,8,Sweden
Portugal,2015,6,Norway
Portugal,2015,4,Romania
Portugal,2015,10,Russia
Portugal,2015,7,Israel
Portugal,2015,5,Belgium
Portugal,2015,3,Spain
Portugal,2015,2,Latvia
Portugal,2015,1,Estonia
Belarus,2015,3,Georgia
Belarus,2015,1,Italy
Belarus,2015,10,Sweden
Belarus,2015,4,Armenia
Belarus,2015,6,Australia
Belarus,2015,12,Russia
Belarus,2015,2,Israel
Belarus,2015,8,Belgium
Belarus,2015,5,Latvia
Belarus,2015,7,Estonia
Cyprus,2015,1,Romania
Cyprus,2015,12,Italy
Cyprus,2015,10,Sweden
Cyprus,2015,4,Australia
Cyprus,2015,8,Greece
Cyprus,2015,5,Russia
Cyprus,2015,6,Israel
Cyprus,2015,7,Belgium
Cyprus,2015,3,Latvia
Cyprus,2015,2,Estonia
Moldova,2015,5,Georgia
Moldova,2015,7,Italy
Moldova,2015,6,Belgium
Moldova,2015,8,Sweden
Moldova,2015,4,Australia
Moldova,2015,12,Romania
Moldova,2015,10,Russia
Moldova,2015,3,Azerbaijan
Moldova,2015,1,Spain
Moldova,2015,2,Latvia
Serbia,2015,5,Slovenia
Serbia,2015,7,Italy
Serbia,2015,8,Sweden
Serbia,2015,3,Australia
Serbia,2015,10,Russia
Serbia,2015,6,Israel
Serbia,2015,4,Belgium
Serbia,2015,12,Montenegro
Serbia,2015,1,Latvia
Serbia,2015,2,Estonia
Montenegro,2015,12,Serbia
Montenegro,2015,4,Slovenia
Montenegro,2015,6,Italy
Montenegro,2015,5,Sweden
Montenegro,2015,10,Albania
Montenegro,2015,7,Russia
Montenegro,2015,3,Israel
Montenegro,2015,8,Azerbaijan
Montenegro,2015,2,Spain
Montenegro,2015,1,Estonia
Armenia,2015,10,Georgia
Armenia,2015,6,Italy
Armenia,2015,7,Sweden
Armenia,2015,1,Australia
Armenia,2015,5,Greece
Armenia,2015,12,Russia
Armenia,2015,3,France
Armenia,2015,4,Belgium
Armenia,2015,8,Montenegro
Armenia,2015,2,Latvia
Azerbaijan,2015,10,Georgia
Azerbaijan,2015,8,Italy
Azerbaijan,2015,1,Spain
Azerbaijan,2015,3,Slovenia
Azerbaijan,2015,12,Russia
Azerbaijan,2015,7,Israel
Azerbaijan,2015,6,Sweden
Azerbaijan,2015,2,Montenegro
Azerbaijan,2015,5,Latvia
Azerbaijan,2015,4,Estonia
Norway,2015,1,Slovenia
Norway,2015,5,Italy
Norway,2015,6,Lithuania
Norway,2015,12,Sweden
Norway,2015,10,Australia
Norway,2015,2,Russia
Norway,2015,4,Israel
Norway,2015,7,Belgium
Norway,2015,8,Latvia
Norway,2015,3,Estonia
UnitedKingdom,2015,1,Serbia
UnitedKingdom,2015,8,Italy
UnitedKingdom,2015,4,Lithuania
UnitedKingdom,2015,12,Sweden
UnitedKingdom,2015,10,Australia
UnitedKingdom,2015,6,Russia
UnitedKingdom,2015,5,Israel
UnitedKingdom,2015,3,Belgium
UnitedKingdom,2015,7,Latvia
UnitedKingdom,2015,2,Poland
Macedonia,2015,10,Serbia
Macedonia,2015,8,Slovenia
Macedonia,2015,7,Italy
Macedonia,2015,5,Sweden
Macedonia,2015,3,Armenia
Macedonia,2015,12,Albania
Macedonia,2015,6,Russia
Macedonia,2015,1,Belgium
Macedonia,2015,4,Montenegro
Macedonia,2015,2,Estonia
Iceland,2015,2,Slovenia
Iceland,2015,6,Italy
Iceland,2015,12,Sweden
Iceland,2015,10,Norway
Iceland,2015,8,Australia
Iceland,2015,3,Russia
Iceland,2015,5,Israel
Iceland,2015,4,Belgium
Iceland,2015,7,Latvia
Iceland,2015,1,Estonia
Israel,2015,2,Serbia
Israel,2015,6,Slovenia
Israel,2015,12,Italy
Israel,2015,10,Sweden
Israel,2015,7,Australia
Israel,2015,5,Romania
Israel,2015,8,Russia
Israel,2015,4,Belgium
Israel,2015,1,Spain
Israel,2015,3,Estonia
Denmark,2015,5,Italy
Denmark,2015,1,Lithuania
Denmark,2015,12,Sweden
Denmark,2015,3,Norway
Denmark,2015,8,Australia
Denmark,2015,2,Romania
Denmark,2015,10,Russia
Denmark,2015,7,Belgium
Denmark,2015,4,Latvia
Denmark,2015,6,Estonia
Germany,2015,1,Hungary
Germany,2015,3,Italy
Germany,2015,10,Sweden
Germany,2015,4,Norway
Germany,2015,7,Australia
Germany,2015,12,Russia
Germany,2015,5,Israel
Germany,2015,8,Belgium
Germany,2015,6,Latvia
Germany,2015,2,Estonia
Hungary,2015,3,Georgia
Hungary,2015,2,Italy
Hungary,2015,10,Sweden
Hungary,2015,4,Norway
Hungary,2015,8,Australia
Hungary,2015,1,Romania
Hungary,2015,6,Russia
Hungary,2015,12,Belgium
Hungary,2015,5,Latvia
Hungary,2015,7,Estonia
Georgia,2015,3,Lithuania
Georgia,2015,8,Italy
Georgia,2015,6,Belgium
Georgia,2015,12,Armenia
Georgia,2015,7,Sweden
Georgia,2015,5,Russia
Georgia,2015,1,Israel
Georgia,2015,10,Azerbaijan
Georgia,2015,4,Latvia
Georgia,2015,2,Estonia
Italy,2015,3,Serbia
Italy,2015,1,Poland
Italy,2015,12,Sweden
Italy,2015,5,Norway
Italy,2015,6,Australia
Italy,2015,10,Russia
Italy,2015,8,Israel
Italy,2015,7,Belgium
Italy,2015,4,Latvia
Italy,2015,2,Estonia
Poland,2015,1,Slovenia
Poland,2015,7,Italy
Poland,2015,12,Sweden
Poland,2015,3,Norway
Poland,2015,8,Australia
Poland,2015,6,Russia
Poland,2015,4,Israel
Poland,2015,5,Belgium
Poland,2015,10,Latvia
Poland,2015,2,Estonia
Switzerland,2015,5,Serbia
Switzerland,2015,6,Italy
Switzerland,2015,12,Sweden
Switzerland,2015,10,Norway
Switzerland,2015,8,Australia
Switzerland,2015,7,Russia
Switzerland,2015,3,Israel
Switzerland,2015,2,Belgium
Switzerland,2015,1,Spain
Switzerland,2015,4,Latvia
Greece,2015,2,Georgia
Greece,2015,12,Italy
Greece,2015,4,Sweden
Greece,2015,1,Armenia
Greece,2015,6,Albania
Greece,2015,5,Australia
Greece,2015,8,Russia
Greece,2015,7,Belgium
Greece,2015,10,Cyprus
Greece,2015,3,Latvia
Russia,2015,5,Georgia
Russia,2015,12,Italy
Russia,2015,10,Belgium
Russia,2015,6,Armenia
Russia,2015,8,Sweden
Russia,2015,4,Australia
Russia,2015,3,Azerbaijan
Russia,2015,1,Spain
Russia,2015,2,Latvia
Russia,2015,7,Estonia
France,2015,1,Hungary
France,2015,6,Italy
France,2015,4,Poland
France,2015,3,Armenia
France,2015,8,Sweden
France,2015,2,Australia
France,2015,10,Russia
France,2015,12,Belgium
France,2015,5,Spain
France,2015,7,Latvia
Austria,2015,3,Serbia
Austria,2015,10,Italy
Austria,2015,7,Sweden
Austria,2015,4,Norway
Austria,2015,12,Australia
Austria,2015,8,Russia
Austria,2015,2,Israel
Austria,2015,5,Belgium
Austria,2015,1,Latvia
Austria,2015,6,Estonia
Malta,2015,12,Italy
Malta,2015,10,Sweden
Malta,2015,2,Norway
Malta,2015,6,Australia
Malta,2015,1,UnitedKingdom
Malta,2015,7,Russia
Malta,2015,5,Israel
Malta,2015,8,Azerbaijan
Malta,2015,4,Latvia
Malta,2015,3,Estonia
Latvia,2015,3,Slovenia
Latvia,2015,8,Italy
Latvia,2015,7,Lithuania
Latvia,2015,12,Sweden
Latvia,2015,2,Norway
Latvia,2015,5,Australia
Latvia,2015,10,Russia
Latvia,2015,1,Israel
Latvia,2015,4,Belgium
Latvia,2015,6,Estonia
CzechRepublic,2015,1,Hungary
CzechRepublic,2015,4,Georgia
CzechRepublic,2015,7,Italy
CzechRepublic,2015,6,Belgium
CzechRepublic,2015,2,Armenia
CzechRepublic,2015,10,Sweden
CzechRepublic,2015,8,Russia
CzechRepublic,2015,12,Azerbaijan
CzechRepublic,2015,3,Serbia
CzechRepublic,2015,5,Latvia
